homepass,residentials,name,nos
11630H000203,Permata Regency,Jl. H Kelik,B36
11630H000204,Permata Regency,Jl. H Kelik,B38
11630H000205,Permata Regency,Jl. H Kelik,B50
11630H000206,Permata Regency,Jl. H Kelik,B52
11630H000207,Permata Regency,Jl. H Kelik,B56
11630H000208,Permata Regency,Jl. H Kelik,B58
11630H000209,Permata Regency,Jl. H Kelik,B60
11630H000210,Permata Regency,Jl. H Kelik,B62
11630H000211,Permata Regency,Jl. H Kelik,B66
11630H000212,Permata Regency,Jl. H Kelik,B1
11630H000213,Permata Regency,Jl. H Kelik,B3
11630H000214,Permata Regency,Jl. H Kelik,B5
11630H000215,Permata Regency,Jl. H Kelik,B7
11630H000216,Permata Regency,Jl. H Kelik,B9
11630H000217,Permata Regency,Jl. H Kelik,B11
11630H000218,Permata Regency,Jl. H Kelik,B15
11630H000219,Permata Regency,Jl. H Kelik,B17
11630H000220,Permata Regency,Jl. H Kelik,B19
11630H000221,Permata Regency,Jl. H Kelik,B21
11630H000222,Permata Regency,Jl. H Kelik,B23
11630H000223,Permata Regency,Jl. H Kelik,B25
11630H000224,Permata Regency,Jl. H Kelik,B27
11630H000225,Permata Regency,Jl. H Kelik,B29
11630H000226,Permata Regency,Jl. H Kelik,B31
11630H000227,Permata Regency,Jl. H Kelik,B33
11630H000228,Permata Regency,Jl. H Kelik,B35
11630H000229,Permata Regency,Jl. H Kelik,B37
11630H000230,Permata Regency,Jl. H Kelik,B39
11630H000231,Permata Regency,Jl. H Kelik,B51
11630H000232,Permata Regency,Jl. H Kelik,B53
11630H000233,Permata Regency,Jl. H Kelik,B55
11630H000234,Permata Regency,Jl. H Kelik,B57
11630H000235,Permata Regency,Jl. H Kelik,A2
11630H000236,Permata Regency,Jl. H Kelik,A6
11630H000237,Permata Regency,Jl. H Kelik,A8
11630H000238,Permata Regency,Jl. H Kelik,A10
11630H000239,Permata Regency,Jl. H Kelik,A12
11630H000240,Permata Regency,Jl. H Kelik,A16
11630H000241,Permata Regency,Jl. H Kelik,A18
11630H000242,Permata Regency,Jl. H Kelik,A20
11630H000243,Permata Regency,Jl. H Kelik,A22
11630H000244,Permata Regency,Jl. H Kelik,A26
11630H000245,Permata Regency,Jl. H Kelik,A28
11630H000246,Permata Regency,Jl. H Kelik,A30
11630H000247,Permata Regency,Jl. H Kelik,A32
11630H000248,Permata Regency,Jl. H Kelik,A36
11630H000249,Permata Regency,Jl. H Kelik,A38
11630H000250,Permata Regency,Jl. H Kelik,A50
11630H000251,Permata Regency,Jl. H Kelik,A52
11630H000252,Permata Regency,Jl. H Kelik,A56
11630H000253,Permata Regency,Jl. H Kelik,A58
11630H000254,Permata Regency,Jl. H Kelik,A60
11630H000255,Permata Regency,Jl. H Kelik,A62
11630H000256,Permata Regency,Jl. H Kelik,A66
11630H000257,Permata Regency,Jl. H Kelik,A68
11630H000258,Permata Regency,Jl. H Kelik,A1
11630H000259,Permata Regency,Jl. H Kelik,A3
11630H000260,Permata Regency,Jl. H Kelik,A5
11630H000261,Permata Regency,Jl. H Kelik,A7
11630H000262,Permata Regency,Jl. H Kelik,A9
11630H000263,Permata Regency,Jl. H Kelik,A11
11630H000264,Permata Regency,Jl. H Kelik,A15
11630H000265,Permata Regency,Jl. H Kelik,A17
11630H000266,Permata Regency,Jl. H Kelik,A19
11630H000267,Permata Regency,Jl. H Kelik,A21
11630H000268,Permata Regency,Jl. H Kelik,A23
11630H000269,Permata Regency,Jl. H Kelik,A25
11630H000270,Permata Regency,Jl. H Kelik,A27
11630H000271,Permata Regency,Jl. H Kelik,A29
11630H000272,Permata Regency,Jl. H Kelik,A31
11630H000273,Permata Regency,Jl. H Kelik,A33
11630H000274,Permata Regency,Jl. H Kelik,A35
11630H000275,Permata Regency,Jl. H Kelik,A37
11630H000276,Permata Regency,Jl. H Kelik,A39
11630H000277,Permata Regency,Jl. H Kelik,A51
11630H000278,Permata Regency,Jl. H Kelik,A53
11630H000279,Permata Regency,Jl. H Kelik,A55
11630H000280,Permata Regency,Jl. H Kelik,A57
11630H000281,Permata Regency,Jl. H Kelik,A59
11630H000282,Permata Regency,Jl. H Kelik,B38
11630H000283,Permata Regency,Jl. H Kelik,B37
11630H000284,Permata Regency,Jl. H Kelik,B36
11630H000285,Permata Regency,Jl. H Kelik,B35
11630H000286,Permata Regency,Jl. H Kelik,B33
11630H000287,Permata Regency,Jl. H Kelik,B32
11630H000288,Permata Regency,Jl. H Kelik,B31
11630H000289,Permata Regency,Jl. H Kelik,B30
11630H000290,Permata Regency,Jl. H Kelik,B29
11630H000291,Permata Regency,Jl. H Kelik,B28
11630H000292,Permata Regency,Jl. H Kelik,B27
11630H000293,Permata Regency,Jl. H Kelik,B26
11630H000294,Permata Regency,Jl. H Kelik,B25
11630H000295,Permata Regency,Jl. H Kelik,B23
11630H000296,Permata Regency,Jl. H Kelik,B22
11630H000297,Permata Regency,Jl. H Kelik,B21
11630H000298,Permata Regency,Jl. H Kelik,B20
11630H000299,Permata Regency,Jl. H Kelik,B19
11630H000300,Permata Regency,Jl. H Kelik,B18
11630H000301,Permata Regency,Jl. H Kelik,B17
11630H000302,Permata Regency,Jl. H Kelik,B16
11630H000303,Permata Regency,Jl. H Kelik,B15
11630H000304,Permata Regency,Jl. H Kelik,B12
11630H000305,Permata Regency,Jl. H Kelik,B11
11630H000306,Permata Regency,Jl. H Kelik,A10
11630H000307,Permata Regency,Jl. H Kelik,A9
11630H000308,Permata Regency,Jl. H Kelik,A8
11630H000309,Permata Regency,Jl. H Kelik,A7
11630H000310,Permata Regency,Jl. H Kelik,A6
11630H000311,Permata Regency,Jl. H Kelik,A5
11630H000312,Permata Regency,Jl. H Kelik,A3
11630H000313,Permata Regency,Jl. H Kelik,A2
11630H000314,Permata Regency,Jl. H Kelik,A1
11630H000315,Permata Regency,Jl. H Kelik,G2
11630H000316,Permata Regency,Jl. H Kelik,G6
11630H000317,Permata Regency,Jl. H Kelik,G8
11630H000318,Permata Regency,Jl. H Kelik,G10
11630H000319,Permata Regency,Jl. H Kelik,G12
11630H000320,Permata Regency,Jl. H Kelik,G16
11630H000321,Permata Regency,Jl. H Kelik,G18
11630H000322,Permata Regency,Jl. H Kelik,G20
11630H000323,Permata Regency,Jl. H Kelik,G22
11630H000324,Permata Regency,Jl. H Kelik,G26
11630H000325,Permata Regency,Jl. H Kelik,G28
11630H000326,Permata Regency,Jl. H Kelik,G30
11630H000327,Permata Regency,Jl. H Kelik,G32
11630H000328,Permata Regency,Jl. H Kelik,G36
11630H000329,Permata Regency,Jl. H Kelik,G1
11630H000330,Permata Regency,Jl. H Kelik,G3
11630H000331,Permata Regency,Jl. H Kelik,G8A
11630H000332,Permata Regency,Jl. H Kelik,G7
11630H000333,Permata Regency,Jl. H Kelik,G9
11630H000334,Permata Regency,Jl. H Kelik,G11
11630H000335,Permata Regency,Jl. H Kelik,G15
11630H000336,Permata Regency,Jl. H Kelik,G17
11630H000337,Permata Regency,Jl. H Kelik,G19
11630H000338,Permata Regency,Jl. H Kelik,G21
11630H000339,Permata Regency,Jl. H Kelik,G23
11630H000340,Permata Regency,Jl. H Kelik,G25
11630H000341,Permata Regency,Jl. H Kelik,G27
11630H000342,Permata Regency,Jl. H Kelik,G30
11630H000343,Permata Regency,Jl. H Kelik,G28
11630H000344,Permata Regency,Jl. H Kelik,F2
11630H000345,Permata Regency,Jl. H Kelik,F6
11630H000346,Permata Regency,Jl. H Kelik,F8
11630H000347,Permata Regency,Jl. H Kelik,F10
11630H000348,Permata Regency,Jl. H Kelik,F12
11630H000349,Permata Regency,Jl. H Kelik,F16
11630H000350,Permata Regency,Jl. H Kelik,F18
11630H000351,Permata Regency,Jl. H Kelik,F20
11630H000352,Permata Regency,Jl. H Kelik,F22
11630H000353,Permata Regency,Jl. H Kelik,F1
11630H000354,Permata Regency,Jl. H Kelik,F3
11630H000355,Permata Regency,Jl. H Kelik,F5
11630H000356,Permata Regency,Jl. H Kelik,F7
11630H000357,Permata Regency,Jl. H Kelik,F9
11630H000358,Permata Regency,Jl. H Kelik,F11
11630H000359,Permata Regency,Jl. H Kelik,F15
11630H000360,Permata Regency,Jl. H Kelik,F17
11630H000361,Permata Regency,Jl. H Kelik,F19
11630H000362,Permata Regency,Jl. H Kelik,F21
11630H000105,Permata Regency,Jl. H Kelik,E2
11630H000106,Permata Regency,Jl. H Kelik,E6
11630H000107,Permata Regency,Jl. H Kelik,E8
11630H000108,Permata Regency,Jl. H Kelik,E10
11630H000109,Permata Regency,Jl. H Kelik,E12
11630H000110,Permata Regency,Jl. H Kelik,E16
11630H000111,Permata Regency,Jl. H Kelik,E18
11630H000112,Permata Regency,Jl. H Kelik,E20
11630H000113,Permata Regency,Jl. H Kelik,E22
11630H000114,Permata Regency,Jl. H Kelik,E26
11630H000115,Permata Regency,Jl. H Kelik,E28
11630H000116,Permata Regency,Jl. H Kelik,D20
11630H000117,Permata Regency,Jl. H Kelik,D18
11630H000118,Permata Regency,Jl. H Kelik,D16
11630H000119,Permata Regency,Jl. H Kelik,D12
11630H000120,Permata Regency,Jl. H Kelik,D10
11630H000121,Permata Regency,Jl. H Kelik,D8
11630H000122,Permata Regency,Jl. H Kelik,D6
11630H000123,Permata Regency,Jl. H Kelik,D2
11630H000124,Permata Regency,Jl. H Kelik,E1
11630H000125,Permata Regency,Jl. H Kelik,E3
11630H000126,Permata Regency,Jl. H Kelik,E5
11630H000127,Permata Regency,Jl. H Kelik,E7
11630H000128,Permata Regency,Jl. H Kelik,E9
11630H000129,Permata Regency,Jl. H Kelik,E11
11630H000130,Permata Regency,Jl. H Kelik,E15
11630H000131,Permata Regency,Jl. H Kelik,E17
11630H000132,Permata Regency,Jl. H Kelik,E19
11630H000133,Permata Regency,Jl. H Kelik,E21
11630H000134,Permata Regency,Jl. H Kelik,E23
11630H000135,Permata Regency,Jl. H Kelik,E25
11630H000136,Permata Regency,Jl. H Kelik,D21
11630H000137,Permata Regency,Jl. H Kelik,D19
11630H000138,Permata Regency,Jl. H Kelik,D15
11630H000139,Permata Regency,Jl. H Kelik,D11
11630H000140,Permata Regency,Jl. H Kelik,D9
11630H000141,Permata Regency,Jl. H Kelik,D7
11630H000142,Permata Regency,Jl. H Kelik,D5
11630H000143,Permata Regency,Jl. H Kelik,D3
11630H000144,Permata Regency,Jl. H Kelik,D1
11630H000145,Permata Regency,Jl. H Kelik,C2
11630H000146,Permata Regency,Jl. H Kelik,C6
11630H000147,Permata Regency,Jl. H Kelik,C8
11630H000148,Permata Regency,Jl. H Kelik,C10
11630H000149,Permata Regency,Jl. H Kelik,C12
11630H000150,Permata Regency,Jl. H Kelik,C16
11630H000151,Permata Regency,Jl. H Kelik,C18
11630H000152,Permata Regency,Jl. H Kelik,C20
11630H000153,Permata Regency,Jl. H Kelik,C22
11630H000154,Permata Regency,Jl. H Kelik,C26
11630H000155,Permata Regency,Jl. H Kelik,C28
11630H000156,Permata Regency,Jl. H Kelik,C30
11630H000157,Permata Regency,Jl. H Kelik,C32
11630H000158,Permata Regency,Jl. H Kelik,C36
11630H000159,Permata Regency,Jl. H Kelik,C38
11630H000160,Permata Regency,Jl. H Kelik,C50
11630H000161,Permata Regency,Jl. H Kelik,C52
11630H000162,Permata Regency,Jl. H Kelik,C56
11630H000163,Permata Regency,Jl. H Kelik,C58
11630H000164,Permata Regency,Jl. H Kelik,C60
11630H000165,Permata Regency,Jl. H Kelik,C62
11630H000166,Permata Regency,Jl. H Kelik,C66
11630H000167,Permata Regency,Jl. H Kelik,C1
11630H000168,Permata Regency,Jl. H Kelik,C3
11630H000169,Permata Regency,Jl. H Kelik,C5
11630H000170,Permata Regency,Jl. H Kelik,C7
11630H000171,Permata Regency,Jl. H Kelik,C9
11630H000172,Permata Regency,Jl. H Kelik,C11
11630H000173,Permata Regency,Jl. H Kelik,C15
11630H000174,Permata Regency,Jl. H Kelik,C17
11630H000175,Permata Regency,Jl. H Kelik,C19
11630H000176,Permata Regency,Jl. H Kelik,C21
11630H000177,Permata Regency,Jl. H Kelik,C23
11630H000178,Permata Regency,Jl. H Kelik,C25
11630H000179,Permata Regency,Jl. H Kelik,C27
11630H000180,Permata Regency,Jl. H Kelik,C29
11630H000181,Permata Regency,Jl. H Kelik,C31
11630H000182,Permata Regency,Jl. H Kelik,C33
11630H000183,Permata Regency,Jl. H Kelik,C35
11630H000184,Permata Regency,Jl. H Kelik,C37
11630H000185,Permata Regency,Jl. H Kelik,C39
11630H000186,Permata Regency,Jl. H Kelik,C51
11630H000187,Permata Regency,Jl. H Kelik,C53
11630H000188,Permata Regency,Jl. H Kelik,C55
11630H000189,Permata Regency,Jl. H Kelik,C57
11630H000190,Permata Regency,Jl. H Kelik,B2
11630H000191,Permata Regency,Jl. H Kelik,B6
11630H000192,Permata Regency,Jl. H Kelik,B8
11630H000193,Permata Regency,Jl. H Kelik,B10
11630H000194,Permata Regency,Jl. H Kelik,B12
11630H000195,Permata Regency,Jl. H Kelik,B16
11630H000196,Permata Regency,Jl. H Kelik,B18
11630H000197,Permata Regency,Jl. H Kelik,B20
11630H000198,Permata Regency,Jl. H Kelik,B22
11630H000199,Permata Regency,Jl. H Kelik,B26
11630H000200,Permata Regency,Jl. H Kelik,B28
11630H000201,Permata Regency,Jl. H Kelik,B30
11630H000202,Permata Regency,Jl. H Kelik,B32
