residentials,name
Perumahan Elang Laut,Jl. Elang Laut VII Blok A8
Perumahan Elang Laut,Jl. Elang Laut VIII Blok A5
Perumahan Elang Laut,Jl. Elang Laut VIII Blok A5
Perumahan Elang Laut,Jl. Elang Laut Blok C4
Perumahan Elang Laut,Jl. Elang Laut V Blok C3
Perumahan Elang Laut,Jl. Elang Laut V Blok B4
Perumahan Elang Laut,Jl. Elang Laut VII Blok B3
Perumahan Elang Laut,Jl. Elang Laut VII Blok A7
Perumahan Elang Laut,Jl. Elang Laut Blok C5
Perumahan Elang Laut,Jl. Elang Laut Blok C6
Perumahan Elang Laut,Jl. Elang Laut Blok C7
Perumahan Elang Laut,Jl. Elang Laut Blok C8
Perumahan Elang Laut,Jl. Elang Laut Blok C1
Perumahan Elang Laut,Jl. Elang Laut Blok B6
Perumahan Elang Laut,Jl. Elang Laut Blok B5
Perumahan Elang Laut,Jl. Elang Laut Blok B1
Perumahan Elang Laut,Jl. Elang Laut Blok B2
Green Ville,Jl. BI-BC
Green Ville,Jl. BI-BS
Green Ville,Jl. Kepa Lisrik
Green Ville,Jl. BI-BQ
Green Ville,Jl. BI-B2
Green Ville,Jl. BI-B3
Green Ville,Jl. BI-B4
Green Ville,Jl. BI-B5
Green Ville,Jl. BI-BP
Green Ville,Jl. BI-BO
Green Ville,Jl. BI-BN
Green Ville,Blok AT
Green Ville,Blok AL
Green Ville,Blok AK
Green Ville,Blok AH
Green Ville,Blok AB
Green Ville,Blok AA
Green Ville,Blok AR
Green Ville,Blok AP
Green Ville,Blok BK
Green Ville,Blok BJ
Green Ville,Blok BI
Green Ville,Jl. Kompleks Graha Indah Green Ville
Green Ville,Jl. BI-BE
Green Ville,Jl. BI-BD
Green Ville,Jl. BI-BC
Permata Regency,Jl. H Kelik
Sunrise Garden,Jl.Surya Asih 2 Blok L
Sunrise Garden,Jl.Surya Mandala Blok K3
Sunrise Garden,Jl.Surya Asih 4 Blok K
Sunrise Garden,Jl.Surya Mandala Blok T2
Sunrise Garden,Jl.Surya Mulia 1 Blok P2
Sunrise Garden,Jl.Surya Mulia 2 Blok N2
Sunrise Garden,Jl.Surya Mulia 3 Blok R2
Sunrise Garden,Jl.Surya Mulia 4 Blok S2
Sunrise Garden,Jl.Surya Mulia 5 Blok T2
Sunrise Garden,Jl.Surya Muliya Blok B3
Sunrise Garden,Jl.Surya Mustika 1 Blok C3
Sunrise Garden,Jl.Surya Mustika 2 Blok C3
Sunrise Garden,Jl.Surya Mustika 3 Blok D3
Sunrise Garden,Jl.Surya Mustika 4 Blok B3
Sunrise Garden,Jl.Surya Mandala Blok B3
Sunrise Garden,Jl.Surya Mandala Blok F3
Sunrise Garden,Jl.Surya Timur Blok A3
Sunrise Garden,Jl.Surya Timur Blok F3
Sunrise Garden,Jl.Surya Timur Blok W
Sunrise Garden,Jl.Surya Timur Blok X2
Sunrise Garden,Jl.Surya Utama 1 Blok D
Sunrise Garden,Jl.Surya Utama 2 Blok H
Sunrise Garden,Jl.Surya Utama 3 Blok J
Sunrise Garden,Jl.Surya Utama 5 Blok K
Sunrise Garden,Jl.Surya Utama 5 Blok M
Sunrise Garden,Jl.Surya Utama 6 Blok H2
Sunrise Garden,Jl.Surya Utama Blok G
Sunrise Garden,Jl.Surya Utama Blok G2
Sunrise Garden,Jl.Surya Utama Blok N
Sunrise Garden,Jl.Surya Mustika 4 Blok D3
Sunrise Garden,Jl.Surya Mutiara 2 Blok III
Sunrise Garden,Jl.Surya Mutiara Blok T3
Sunrise Garden,Jl.Surya Nirmala Blok C2
Sunrise Garden,Jl.Surya Nirmala Blok H
Sunrise Garden,Jl.Surya Nirmala Blok O
Sunrise Garden,Jl.Surya Permata 2 Blok H
Sunrise Garden,Jl.Surya Permata 3 Blok G
Sunrise Garden,Jl.Surya Permata Blok G
Sunrise Garden,Jl.Surya Sarana Blok B3
Sunrise Garden,Jl.Surya Sarana Blok J2
Sunrise Garden,Jl.Surya Sarana Blok N2
Sunrise Garden,Jl.Surya Sarana F1
Sunrise Garden,Jl.Surya Setia 1 Blok J2
Sunrise Garden,Jl.Taman Surya P
Sunrise Garden,Jl.Surya Timur Blok A
Sunrise Garden,Jl.Surya Bahagia 2 Blok F2
Sunrise Garden,Jl.Surya Asih 4 Blok K
Sunrise Garden,Jl.Surya Bahagia 1 Blok D2
Sunrise Garden,Jl.Taman Surya 4 Blok Q
Sunrise Garden,Jl.Taman Surya Blok V
Sunrise Garden,Jl.Taman Surya V
Sunrise Garden,Jl.Surya Utama Blok P1
Sunrise Garden,Jl.Surya Wahana 1 Blok Q3
Sunrise Garden,Jl.Surya Wahana Blok S3
Sunrise Garden,Jl.Surya Widuri 1 Blok M
Sunrise Garden,Jl.Surya Widuri 4 Blok A
Sunrise Garden,Jl.Surya Widuri Blok A
Sunrise Garden,Jl.Taman Surya 1 Blok T
Sunrise Garden,Jl.Taman Surya 2 Blok S1
Sunrise Garden,Jl.Taman Surya 3 Blok Q
Sunrise Garden,Jl.Taman Surya 3 Blok R
Sunrise Garden,Jl.Taman Surya 4 Blok Q
Sunrise Garden,Jl.Surya Bakti 3 Blok E
Sunrise Garden,Jl.Surya Asih 1 Blok N
Sunrise Garden,Jl.Surya Asih 1-2-3 Blok L
Sunrise Garden,Jl.Surya Asih 2 Blok L
Sunrise Garden,Jl.Surya Bakti 3 Blok F
Sunrise Garden,Jl.Surya Bakti 3 Blok E
Sunrise Garden,Jl.Surya Barat Blok C
Sunrise Garden,Jl.Surya Barat Blok S2
Sunrise Garden,JL.Surya Jelita Blok Z
Sunrise Garden,Jl.Surya Mandala 1 Blok N
Sunrise Garden,Jl.Surya Mandala Blok B3
Sunrise Garden,Jl.Surya Bahagia Blok A2
Sunrise Garden,Jl.Surya Bahagia Blok G2
Sunrise Garden,Jl.Surya Bakti 2 Blok C
Sunrise Garden,Jl.Surya Bakti 3 Blok E
Perumahan Elang Laut,Jl. Elang Laut VII Blok A8
Taman Duta Mas,Jl. Wijaya 1
Taman Duta Mas,Jl. Wijaya 5
Taman Duta Mas,Jl. Wijaya 2
Taman Duta Mas,Jl. Kusuma 4
Taman Duta Mas,Jl. Kusuma 6E
Taman Duta Mas,Jl. Kusuma Timur
Taman Duta Mas,Jl. Kusuma 6
Taman Duta Mas,Jl. Kusuma 6D Dan 6E
Taman Duta Mas,Jl. Kusuma 
Taman Duta Mas,Jl. Taman Duta Mas
Taman Duta Mas,Jl. Kusuma 4
Taman Duta Mas,Jl. Kusuma A
Taman Duta Mas,Jl. Kusuma 3
Taman Duta Mas,Jl. Kusuma 4A
Taman Duta Mas,Jl. Kusuma 4C
Taman Duta Mas,Jl. Kusuma 4B
Taman Duta Mas,Jl. Kusuma 5
Taman Duta Mas,Jl. Kusuma 5 Dan 4
Taman Duta Mas,Jl. Kusuma 4 Dan 2A Taman
Taman Duta Mas,Jl. Kusuma 2G
Taman Duta Mas,Jl. Kusuma 2C 
Taman Duta Mas,Jl. Kusuma 2F
Taman Duta Mas,Jl. Kusuma 2B
Taman Duta Mas,Jl. Kusuma 2A
Taman Duta Mas,Jl. Kusuma 1
Taman Duta Mas,Jl. Kusuma 3
Taman Duta Mas,Jl. Kusuma 3A
Taman Duta Mas,Jl. Kusuma 3B
Taman Duta Mas,Jl. Kusuma 3A
Taman Duta Mas,Jl. Kusuma A
Taman Duta Mas,Jl. Wijaya
Taman Duta Mas,Jl. Kusuma 1E
Taman Duta Mas,Jl. Kusuma 1D
Taman Duta Mas,Jl. Kusuma 1F
Taman Duta Mas,Jl. Wijaya 7
Taman Duta Mas,Jl. Wijaya 6
Taman Duta Mas,Jl. Wijaya 8
Taman Duta Mas,Jl. Wijaya 5
Taman Duta Mas,Jl. Kusuma 1
Grisenda,Jl. Perum Grisenda
Grisenda,Jl. Pantai Indah Timur  
Grisenda,Jl. Giri Indah 
Perum Grisenda,Jl. Giri Alamanda 1
Perum Grisenda,Jl. Giri Indah 5
Perum Grisenda,Jl. Pantai Indah Kapuk
Perum Grisenda,Jl. Giri Alamanda 2
Taman Grisenda Blok C1,Jl. Perumahan Taman Grisenda
Taman Grisenda Blok C2,Jl. Perumahan Taman Grisenda
Taman Grisenda Blok D1,Jl. Perumahan Taman Grisenda
Taman Grisenda Blok D2,Jl. Perumahan Taman Grisenda
Taman Grisenda Blok D3,Jl. Perumahan Taman Grisenda
Taman Grisenda Blok D4,Jl. Perumahan Taman Grisenda
Taman Grisenda Blok F1,Jl. Perumahan Taman Grisenda
Taman Grisenda Blok F2,Jl. Perumahan Taman Grisenda
Taman Grisenda Blok F3,Jl. Perumahan Taman Grisenda
Taman Grisenda Blok F4,Jl. Perumahan Taman Grisenda
Taman Grisenda Blok F5,Jl. Perumahan Taman Grisenda
Taman Grisenda Blok F6,Jl. Perumahan Taman Grisenda
Taman Grisenda Blok F7,Jl. Perumahan Taman Grisenda
Taman Grisenda Blok F8,Jl. Perumahan Taman Grisenda
Taman Grisenda Blok GA,Jl. Perumahan Taman Grisenda
Taman Grisenda Blok GB,Jl. Perumahan Taman Grisenda
Taman Grisenda Blok GC,Jl. Perumahan Taman Grisenda
Taman Grisenda Blok GD,Jl. Perumahan Taman Grisenda
Taman Grisenda Blok GE,Jl. Perumahan Taman Grisenda
Taman Grisenda Blok GF,Jl. Perumahan Taman Grisenda
Taman Grisenda Blok GG,Jl. Perumahan Taman Grisenda
Perum Grisenda,Jl. Giri Bugenvilia 1
Perum Grisenda,Jl. Giri Bugenvilia 2
Perum Grisenda,Jl. Giri Alamanda 3
Perum Grisenda,Jl. Giri Indah 5
Mutiara Taman Palem,Jl. Mutiara Taman Palm Block  A10
Mutiara Taman Palem,Jl. Mutiara Taman Palm Block  A11
Mutiara Taman Palem,Jl. Mutiara Taman Palm Block  A15
Mutiara Taman Palem,Jl. Mutiara Taman Palm Block  A9
Mutiara Taman Palem,Jl. Mutiara Taman Palm Block  B1
Mutiara Taman Palem,Jl. Mutiara Taman Palm Block  B10
Mutiara Taman Palem,Jl. Mutiara Taman Palm Block  B3
Mutiara Taman Palem,Jl. Mutiara Taman Palm Block  A15
Mutiara Taman Palem,Jl. Mutiara Taman Palm Block  A16
Mutiara Taman Palem,Jl. Mutiara Taman Palm Block  C10
Mutiara Taman Palem,Jl. Mutiara Taman Palm Block  B3
Mutiara Taman Palem,Jl. Mutiara Taman Palm Block  B5
Mutiara Taman Palem,Jl. Mutiara Taman Palm Block  C10
Mutiara Taman Palem,Jl. Mutiara Taman Palm Block  C11
Mutiara Taman Palem,Jl. Mutiara Taman Palm Block  C16
Mutiara Taman Palem,Jl. Mutiara Taman Palm Block  B5
Mutiara Taman Palem,Jl. Mutiara Taman Palm Block  B7
Mutiara Taman Palem,Jl. Mutiara Taman Palm Block  B8
Mutiara Taman Palem,Jl. Mutiara Taman Palm Block  C17
Mutiara Taman Palem,Jl. Mutiara Taman Palm Block  C18
Mutiara Taman Palem,Jl. Mutiara Taman Palm Block  C19
Mutiara Taman Palem,Jl. Mutiara Taman Palm Block  B8
Mutiara Taman Palem,Jl. Mutiara Taman Palm Block  B9
Mutiara Taman Palem,Jl. Mutiara Taman Palm Block  C10
Mutiara Taman Palem,Jl. Mutiara Taman Palm Block  D3
Mutiara Taman Palem,Jl. Mutiara Taman Palm Block  D1
Mutiara Taman Palem,Jl. Mutiara Taman Palm Block  D2
Mutiara Taman Palem,Jl. Mutiara Taman Palm Block  A16
Mutiara Taman Palem,Jl. Mutiara Taman Palm Block  A17
Mutiara Taman Palem,Jl. Mutiara Taman Palm Block  A18
Mutiara Taman Palem,Jl. Mutiara Taman Palm Block  A2
Mutiara Taman Palem,Jl. Mutiara Taman Palm Block  A20
Mutiara Taman Palem,Jl. Mutiara Taman Palm Block  A6
Mutiara Taman Palem,Jl. Mutiara Taman Palm Block  A7
Mutiara Taman Palem,Jl. Mutiara Taman Palm Block  A8
Mutiara Taman Palem,Jl. Mutiara Taman Palm Block  A9
Mutiara Taman Palem,Jl. Mutiara Taman Palm Block  A20
Mutiara Taman Palem,Jl. Mutiara Taman Palm Block  A3
Mutiara Taman Palem,Jl. Mutiara Taman Palm Block  A5
Mutiara Taman Palem,Jl. Mutiara Taman Palm Block  C19
Mutiara Taman Palem,Jl. Mutiara Taman Palm Block  C2
Mutiara Taman Palem,Jl. Mutiara Taman Palm Block  D6
Mutiara Taman Palem,Jl. Mutiara Taman Palm Block  D7
Mutiara Taman Palem,Jl. Mutiara Taman Palm Block  D8
Mutiara Taman Palem,Jl. Mutiara Taman Palm Block  C3
Mutiara Taman Palem,Jl. Mutiara Taman Palm Block  C5
Mutiara Taman Palem,Jl. Mutiara Taman Palm Block  D8
Mutiara Taman Palem,Jl. Mutiara Taman Palm Block  C6
Mutiara Taman Palem,Jl. Mutiara Taman Palm Block  E1
Mutiara Taman Palem,Jl. Mutiara Taman Palm Block  E3
Mutiara Taman Palem,Jl. Mutiara Taman Palm Block  C6
Mutiara Taman Palem,Jl. Mutiara Taman Palm Block  C7
Mutiara Taman Palem,Jl. Mutiara Taman Palm Block  C8
Mutiara Taman Palem,Jl. Mutiara Taman Palm Block  E3
Mutiara Taman Palem,Jl. Mutiara Taman Palm Block  E4
Mutiara Taman Palem,Jl. Mutiara Taman Palm Block  E5
Mutiara Taman Palem,Jl. Mutiara Taman Palm Block  H1
Mutiara Taman Palem,Jl. Mutiara Taman Palm Block  C8
Mutiara Taman Palem,Jl. Mutiara Taman Palm Block  C9
Mutiara Taman Palem,Jl. Mutiara Taman Palm Block  H1
Mutiara Taman Palem,Jl. Mutiara Taman Palm Block  H2
Mutiara Taman Palem,Jl. Mutiara Taman Palm Block  A10
Taman Palem Lestari,Jl. Taman Palem Lestari Block C/3
Taman Palem Lestari,Jl. Taman Palem Lestari Block C/4
Taman Palem Lestari,Jl. Taman Palem Lestari Block C/5
Taman Palem Lestari,Jl. Taman Palem Lestari Block F/7B
Taman Palem Lestari,Jl. Taman Palem Lestari Block F/7C
Taman Palem Lestari,Jl. Taman Palem Lestari Block C/15
Taman Palem Lestari,Jl. Taman Palem Lestari Block C/1
Taman Palem Lestari,Jl. Taman Palem Lestari Block C/10
Taman Palem Lestari,Jl. Taman Palem Lestari Block C/11
Taman Palem Lestari,Jl. Taman Palem Lestari Block C/12
Taman Palem Lestari,Jl. Taman Palem Lestari Block C/15
Taman Palem Lestari,Jl. Taman Palem Lestari Block C/21
Taman Palem Lestari,Jl. Taman Palem Lestari Block C/12
Taman Palem Lestari,Jl. Taman Palem Lestari Block C/15
Taman Palem Lestari,Jl. Taman Palem Lestari Block C/17
Taman Palem Lestari,Jl. Taman Palem Lestari Block C/21
Taman Palem Lestari,Jl. Taman Palem Lestari Block C/18
Taman Palem Lestari,Jl. Taman Palem Lestari Block C/17
Taman Palem Lestari,Jl. Taman Palem Lestari Block C/6
Taman Palem Lestari,Jl. Taman Palem Lestari Block C/8
Taman Palem Lestari,Jl. Taman Palem Lestari Block C/9
Taman Palem Lestari,Jl. Taman Palem Lestari Block F/7A
Taman Palem Lestari,Taman Palem D1
Taman Palem Lestari,Taman Palem D11
Taman Palem Lestari,Taman Palem F6
Taman Palem Lestari,Taman Palem G1
Taman Palem Lestari,Taman Palem D10
Taman Palem Lestari,Taman Palem E13
Taman Palem Lestari,Taman Palem E15
Taman Palem Lestari,Taman Palem E16
Taman Palem Lestari,Taman Palem E6
Taman Palem Lestari,Taman Palem E8
Taman Palem Lestari,Taman Palem F6
Taman Palem Lestari,Taman Palem E9
Taman Palem Lestari,Taman Palem D1
Taman Palem Lestari,Taman Palem D11
Taman Palem Lestari,Taman Palem D12
Taman Palem Lestari,Taman Palem D3
Taman Palem Lestari,Taman Palem D2
Taman Palem Lestari,Taman Palem D4
Taman Palem Lestari,Taman Palem D5A
Taman Palem Lestari,Taman Palem D6
Taman Palem Lestari,Taman Palem D7
Taman Palem Lestari,Taman Palem D9
Taman Palem Lestari,Taman Palem E10
Taman Palem Lestari,Taman Palem E12
Taman Palem Lestari,Taman Palem E13
Taman Palem Lestari,Taman Palem Lestari Blok B-8
Taman Palem Lestari,Taman Palem Lestari Blok B-11
Taman Palem Lestari,Taman Palem Lestari Blok B-15
Taman Palem Lestari,Taman Palem Lestari Blok B-16
Taman Palem Lestari,Taman Palem Lestari Blok B-17
Taman Palem Lestari,Taman Palem Lestari Blok B-18
Taman Palem Lestari,Taman Palem Lestari Blok B-19
Taman Palem Lestari,Taman Palem Lestari Blok B-19 A
Taman Palem Lestari,Taman Palem Lestari Blok B-19 B
Taman Palem Lestari,Taman Palem Lestari Blok B-2
Taman Palem Lestari,Taman Palem Lestari Blok B-3
Taman Palem Lestari,Taman Palem Lestari Blok B-4
Taman Palem Lestari,Taman Palem Lestari Blok B-5
Taman Palem Lestari,Taman Palem Lestari Blok B-6
Taman Palem Lestari,Taman Palem Lestari Blok B-8
Taman Palem Lestari,Taman Palem Lestari Blok B-11
Taman Palem Lestari,Taman Palem Lestari Blok B-12
Taman Palem Lestari,Taman Palem Lestari Blok B-12 A
Taman Palem Lestari,Taman Palem Lestari Blok B-12 B
Taman Palem Lestari,Taman Palem Lestari Blok B-12 C
Taman Palem Lestari,Taman Palem Lestari Blok B-12E
Taman Palem Lestari,Taman Palem Lestari Blok B-13
Taman Palem Lestari,Taman Palem Lestari Blok B-9
Taman Palem Lestari,Taman Palem Lestari Blok B-1
Taman Palem Lestari,Taman Palem Lestari Blok B-11
Taman Palem Lestari,Taman Palem Lestari Blok B-10
,
,
,
,
,
,
,
,
,
,
,
,
,
,
,
,
,
,
,
,
,
,
,
,
,
,
,
,
,
,
,
,
,
,
,
,
,
,
,
,
,
,
,
,
,
,
,
,
,
,
,
,
,
,
,
,
,
,
,
,
,
,
,
,
,
,
,
,
,
,
,
,
,
,
,
,
,
,
,
,
,
,
,
,
,
,
,
,
,
,
,
,
,
,
,
,
,
,
,
,
,
,
,
,
,
,
,
,
,
,
,
,
,
,
,
,
,
,
,
,
,
,
,
,
,
,
,
,
,
,
,
,
,
,
,
,
,
,
,
,
,
,
,
,
,
,
,
,
,
,
,
,
,
,
,
,
,
,
,
,
,
,
,
,
,
,
,
,
,
,
,
,
,
,
,
,
,
,
,
,
,
,
,
,
,
,
,
,
,
,
,
,
,
,
,
,
,
,
,
,
,
,
,
,
,
,
,
,
,
,
,
,
,
,
,
,
,
,
,
,
,
,
,
,
,
,
,
,
,
,
,
,
,
,
,
,
,
,
,
,
,
,
,
,
,
,
,
,
,
,
,
,
,
,
,
,
,
,
,
,
,
,
,
,
,
,
,
,
,
,
,
,
,
,
,
,
,
,
,
,
,
,
,
,
,
,
,
,
,
,
,
,
,
,
,
,
,
,
,
,
,
,
,
,
,
,
,
,
,
,
,
,
,
,
,
,
,
,
,
,
,
,
,
,
,
,
,
,
,
,
,
,
,
,
,
,
,
,
,
,
,
,
,
,
,
,
,
,
,
,
,
,
,
,
,
,
,
,
,
,
,
,
,
,
,
,
,
,
,
,
,
,
,
,
,
,
,
,
,
,
,
,
,
,
,
,
,
,
,
,
,
,
,
,
,
,
,
,
,
,
,
,
,
,
,
,
,
,
,
,
,
,
,
,
,
,
,
,
,
,
,
,
,
,
,
,
,
,
,
,
,
,
,
,
,
,
,
,
,
,
,
,
,
,
,
,
,
,
,
,
,
,
,
,
,
,
,
,
,
,
,
,
,
,
,
,
,
,
,
,
,
,
,
,
,
,
,
,
,
,
,
,
,
,
,
,
,
,
,
,
,
,
,
,
,
,
,
,
,
,
,
,
,
,
,
,
,
,
,
,
,
,
,
,
,
,
,
,
,
,
,
,
,
,
,
,
,
,
,
,
,
,
,
,
,
,
,
,
,
,
,
,
,
,
,
,
,
,
,
,
,
,
,
,
,
,
,
,
,
,
,
,
,
,
,
,
,
,
,
,
,
,
,
,
,
,
,
,
,
,
,
,
,
,
,
,
,
,
,
,
,
,
,
,
,
,
,
,
,
,
,
,
,
,
,
,
,
,
,
,
,
,
,
,
,
,
,
,
,
,
,
,
,
,
,
,
,
,
,
,
,
,
,
,
,
,
,
,
,
,
,
,
,
,
,
,
,
,
,
,
,
,
,
,
,
,
,
,
,
,
,
,
,
,
,
,
,
,
,
,
,
,
,
,
,
,
,
,
,
,
,
,
,
,
,
,
,
,
,
,
,
,
,
,
,
,
,
,
,
,
,
,
,
,
,
,
,
,
,
,
,
,
,
,
,
,
,
,
,
,
,
,
,
,
,
,
,
,
,
,
,
,
,
,
,
,
,
,
,
,
,
,
,
,
,
,
,
,
,
,
,
,
,
,
,
,
,
,
,
,
,
,
,
,
,
,
,
,
,
,
,
,
,
,
,
,
,
,
,
,
,
,
,
,
,
,
,
,
,
,
,
,
,
,
,
,
,
,
,
,
,
,
,
,
,
,
,
,
,
,
,
,
,
,
,
,
,
,
,
,
,
,
,
,
,
,
,
,
,
,
,
,
,
,
,
,
,
,
,
,
,
,
,
,
,
,
,
,
,
,
,
,
,
,
,
,
,
,
,
,
,
,
,
,
,
,
,
,
,
,
,
,
,
,
,
,
,
,
,
,
,
,
,
,
,
,
,
,
,
,
,
,
,
,
,
,
,
,
,
,
,
,
,
,
,
,
,
,
,
,
,
,
,
,
,
,
,
,
,
,
,
,
,
,
,
,
,
,
,
,
,
,
,
,
,
,
,
,
,
,
,
,
,
,
,
,
,
,
,
,
,
,
,
,
,
,
,
,
,
,
,
,
,
,
,
,
,
,
,
,
,
,
,
,
,
,
,
,
,
,
,
,
,
,
,
,
,
,
,
,
,
,
,
,
,
,
,
,
,
,
,
,
,
,
,
,
,
,
,
,
,
,
,
,
,
,
,
,
,
,
,
,
,
,
,
,
,
,
,
,
,
,
,
,
,
,
,
,
,
,
,
,
,
,
,
,
,
,
,
,
,
,
,
,
,
,
,
,
,
,
,
,
,
,
,
,
,
,
,
,
,
,
,
,
,
,
,
,
,
,
,
,
,
,
,
,
,
,
,
,
,
,
,
,
,
,
,
,
,
,
,
,
,
,
,
,
,
,
,
,
,
,
,
,
,
,
,
,
,
,
,
,
,
,
,
,
,
,
,
,
,
,
,
,
,
,
,
,
,
,
,
,
,
,
,
,
,
,
,
,
,
,
,
,
,
,
,
,
,
,
,
,
,
,
,
,
,
,
,
,
,
,
,
,
,
,
,
,
,
,
,
,
,
,
,
,
,
,
,
,
,
,
,
,
,
,
,
,
,
,
,
,
,
,
,
,
,
,
,
,
,
,
,
,
,
,
,
,
,
,
,
,
,
,
,
,
,
,
,
,
,
,
,
,
,
,
,
,
,
,
,
,
,
,
,
,
,
,
,
,
,
,
,
,
,
,
,
,
,
,
,
,
,
,
,
,
,
,
,
,
,
,
,
,
,
,
,
,
,
,
,
,
,
,
,
,
,
,
,
,
,
,
,
,
,
,
,
,
,
,
,
,
,
,
,
,
,
,
,
,
,
,
,
,
,
,
,
,
,
,
,
,
,
,
,
,
,
,
,
,
,
,
,
,
,
,
,
,
,
,
,
,
,
,
,
,
,
,
,
,
,
,
,
,
,
,
,
,
,
,
,
,
,
,
,
,
,
,
,
,
,
,
,
,
,
,
,
,
,
,
,
,
,
,
,
,
,
,
,
,
,
,
,
,
,
,
,
,
,
,
,
,
,
,
,
,
,
,
,
,
,
,
,
,
,
,
,
,
,
,
,
,
,
,
,
,
,
,
,
,
,
,
,
,
,
,
,
,
,
,
,
,
,
,
,
,
,
,
,
,
,
,
,
,
,
,
,
,
,
,
,
,
,
,
,
,
,
,
,
,
,
,
,
,
,
,
,
,
,
,
,
,
,
,
,
,
,
,
,
,
,
,
,
,
,
,
,
,
,
,
,
,
,
,
,
,
,
,
,
,
,
,
,
,
,
,
,
,
,
,
,
,
,
,
,
,
,
,
,
,
,
,
,
,
,
,
,
,
,
,
,
,
,
,
,
,
,
,
,
,
,
,
,
,
,
,
,
,
,
,
,
,
,
,
,
,
,
,
,
,
,
,
,
,
,
,
,
,
,
,
,
,
,
,
,
,
,
,
,
,
,
,
,
,
,
,
,
,
,
,
,
,
,
,
,
,
,
,
,
,
,
,
,
,
,
,
,
,
,
,
,
,
,
,
,
,
,
,
,
,
,
,
,
,
,
,
,
,
,
,
,
,
,
,
,
,
,
,
,
,
,
,
,
,
,
,
,
,
,
,
,
,
,
,
,
,
,
,
,
,
,
,
,
,
,
,
,
,
,
,
,
,
,
,
,
,
,
,
,
,
,
,
,
,
,
,
,
,
,
,
,
,
,
,
,
,
,
,
,
,
,
,
,
,
,
,
,
,
,
,
,
,
,
,
,
,
,
,
,
,
,
,
,
,
